candidate_id,gender,age,race,disability,years_experience,education_level,university_rank,skills_count,previous_salary,hired
1,male,33,black,no,1,Bachelor,36,3,70002,0
2,female,37,black,no,8,Master,30,12,61370,0
3,female,45,black,no,7,Master,74,8,77375,1
4,female,40,white,yes,6,Bachelor,45,9,95319,1
5,male,29,white,no,3,Bachelor,71,12,79362,0
6,male,52,white,no,15,Master,5,14,74571,0
7,male,42,white,no,6,Master,55,15,81459,1
8,female,38,black,no,0,Bachelor,9,13,64903,0
9,female,44,asian,no,11,PhD,17,5,71419,1
10,female,58,asian,yes,14,Bachelor,23,6,27855,0
11,male,37,asian,no,5,Bachelor,16,12,104343,1
12,female,27,white,no,6,Master,52,13,87469,1
13,female,29,black,no,6,Bachelor,29,12,60663,0
14,male,46,white,no,7,Master,61,16,127468,1
15,male,39,black,no,16,Master,39,14,82175,1
16,male,46,white,no,9,Master,80,17,54096,0
17,male,33,white,no,15,Bachelor,98,12,101418,1
18,male,36,white,no,4,Bachelor,9,16,89951,1
19,male,47,hispanic,no,7,Bachelor,26,12,89864,0
20,male,62,white,no,15,Master,81,12,69356,1
21,female,47,white,no,5,Master,61,5,91262,0
22,male,53,white,no,16,Master,51,3,73456,0
23,male,31,asian,no,6,Master,58,10,93898,1
24,male,37,black,yes,8,PhD,7,15,32376,1
25,male,28,black,no,20,Master,57,12,69153,1
26,female,38,white,no,7,Bachelor,88,12,123053,0
27,male,44,black,no,10,Bachelor,35,4,60823,1
28,male,47,white,no,13,Master,73,3,64904,0
29,female,42,asian,no,11,Bachelor,92,16,68800,0
30,male,43,black,yes,11,Bachelor,37,10,49629,0
31,female,28,white,no,9,Master,76,9,24792,0
32,male,35,white,no,2,Master,92,9,74235,0
33,male,36,white,no,12,Bachelor,54,6,83396,1
34,female,28,white,no,5,Master,88,13,78687,0
35,female,30,white,no,14,Master,20,11,76378,0
36,female,29,black,no,18,Bachelor,80,8,81076,1
37,male,44,white,yes,0,Bachelor,81,4,105571,1
38,male,50,white,no,18,Bachelor,43,16,75238,1
39,female,39,white,no,7,Master,93,3,65647,0
40,male,52,white,no,9,Master,50,3,72971,1
41,male,51,asian,no,4,PhD,92,11,94483,0
42,male,60,white,no,11,Master,51,6,115300,1
43,male,56,black,no,10,Bachelor,48,7,64296,1
44,female,39,asian,no,16,Bachelor,13,5,82473,0
45,male,63,black,yes,5,Master,91,6,88458,1
46,female,60,asian,yes,19,Bachelor,54,14,55185,0
47,male,38,white,no,13,Bachelor,81,10,80510,0
48,male,35,hispanic,yes,10,Bachelor,64,15,43358,0
49,male,52,white,no,8,Bachelor,19,6,35773,1
50,male,45,white,no,8,Bachelor,40,11,89168,0
51,female,56,black,no,8,Bachelor,67,11,70403,0
52,female,55,hispanic,no,11,Bachelor,73,8,85057,0
53,female,24,asian,no,8,Bachelor,90,4,79552,0
54,female,58,white,no,6,Master,84,14,55589,0
55,female,64,white,no,11,Master,45,12,78868,0
56,female,61,hispanic,no,4,Bachelor,78,13,49172,0
57,male,47,white,no,11,Master,28,9,114774,1
58,male,44,asian,no,8,Bachelor,86,11,46100,1
59,male,60,asian,yes,14,Master,53,8,75105,1
60,male,36,white,no,15,PhD,22,5,53943,1
61,male,25,white,no,15,Master,11,16,94260,1
62,male,50,white,no,11,Master,8,17,71714,1
63,female,43,white,no,12,Bachelor,94,9,67033,0
64,male,46,asian,no,8,Bachelor,73,7,101330,1
65,male,34,white,no,14,PhD,64,3,80735,1
66,male,39,asian,no,14,Bachelor,59,5,92916,1
67,male,54,white,yes,0,Bachelor,20,7,55466,0
68,female,37,hispanic,no,12,Master,94,9,44879,1
69,male,63,white,no,18,Master,86,5,82680,1
70,female,23,white,no,7,PhD,33,8,72028,0
71,female,56,white,no,6,Bachelor,27,7,95660,0
72,male,63,asian,no,7,PhD,18,15,78002,1
73,male,55,black,no,0,Bachelor,83,3,85126,1
74,female,51,asian,no,10,Bachelor,53,12,39415,0
75,female,34,white,no,10,Master,37,8,127210,0
76,female,34,white,no,11,Bachelor,29,16,75893,0
77,female,39,black,no,12,Bachelor,25,10,97439,0
78,male,53,white,no,5,Master,21,15,59097,0
79,male,53,white,no,11,Bachelor,27,15,87700,0
80,male,56,hispanic,no,12,Bachelor,61,3,47428,1
81,female,60,hispanic,yes,7,Bachelor,85,4,91301,0
82,female,50,hispanic,yes,12,Bachelor,62,16,71100,0
83,male,50,asian,no,10,Bachelor,18,17,80729,0
84,male,37,white,no,6,Master,97,6,97449,1
85,male,31,white,no,11,Master,24,14,49186,1
86,male,51,black,no,8,Bachelor,34,4,62887,1
87,female,46,asian,no,14,Master,23,13,91433,1
88,female,60,white,no,8,Bachelor,57,11,132455,0
89,female,41,white,no,2,Bachelor,60,12,76547,1
90,male,26,white,yes,11,Master,81,10,94778,0
91,male,22,black,no,11,Bachelor,86,10,77325,0
92,female,51,asian,no,3,PhD,27,6,128556,1
93,female,24,asian,no,14,Bachelor,66,7,36319,1
94,female,35,white,no,14,Master,37,6,82365,1
95,female,51,hispanic,no,4,Bachelor,22,15,39361,0
96,male,25,black,no,6,Bachelor,77,11,17335,1
97,male,39,white,no,9,Bachelor,37,15,87436,1
98,male,58,white,no,5,Master,36,4,83487,0
99,male,46,white,no,13,Master,65,15,72879,1
100,male,22,white,no,10,PhD,58,13,77345,0
101,male,36,hispanic,no,3,Bachelor,21,10,157457,0
102,female,30,white,no,5,Bachelor,23,4,73545,1
103,male,36,asian,no,17,Bachelor,95,3,92753,1
104,male,45,white,no,19,Master,74,12,63765,0
105,female,25,white,no,13,PhD,38,5,87380,0
106,male,33,white,no,8,Bachelor,88,11,74044,1
107,male,58,white,no,7,Master,29,14,69737,1
108,female,58,white,no,13,Bachelor,72,5,125472,1
109,male,64,hispanic,no,10,Master,78,11,109429,0
110,male,27,black,no,0,PhD,78,9,83418,1
111,male,60,black,yes,16,Bachelor,92,15,22394,0
112,male,45,white,yes,18,Bachelor,89,12,70974,0
113,female,32,white,no,14,PhD,15,3,147575,1
114,female,34,white,no,3,PhD,95,12,74233,0
115,female,55,black,no,6,Master,20,7,107580,1
116,female,46,white,no,0,Master,94,11,116048,0
117,female,28,white,no,19,Bachelor,65,14,85474,1
118,male,25,black,no,7,Master,98,17,58954,0
119,female,29,white,no,23,Master,84,17,19117,0
120,male,41,white,no,21,Master,11,5,97104,1
121,female,50,white,no,4,Bachelor,20,11,59631,1
122,female,31,hispanic,no,5,Bachelor,20,7,84403,1
123,male,64,black,yes,12,Bachelor,44,11,48754,1
124,male,55,white,no,0,Bachelor,16,12,73369,0
125,male,47,white,no,7,Bachelor,39,8,80842,0
126,male,62,hispanic,no,6,Bachelor,25,11,86714,1
127,female,24,black,no,21,Bachelor,54,9,52129,0
128,female,27,white,no,10,Bachelor,47,9,109922,0
129,male,26,asian,no,8,Master,21,10,65077,0
130,male,26,white,yes,6,Bachelor,36,9,38138,1
131,male,44,black,no,15,Bachelor,45,14,77274,1
132,male,30,black,no,7,Bachelor,10,11,80859,1
133,male,56,white,no,9,Bachelor,92,13,84014,0
134,male,41,hispanic,no,6,Master,31,11,114053,1
135,female,63,asian,yes,0,Bachelor,24,8,74088,0
136,male,56,black,no,4,Master,29,9,77009,1
137,male,39,white,no,6,PhD,70,4,52420,1
138,female,38,white,no,8,Master,13,17,100513,1
139,male,45,white,no,8,Master,96,11,84607,1
140,female,24,asian,no,9,PhD,57,14,69499,1
141,female,53,white,no,7,Master,65,15,32383,1
142,male,56,black,no,18,Bachelor,42,3,116110,0
143,male,59,asian,no,15,Bachelor,7,3,49308,1
144,male,34,white,no,9,PhD,88,5,65218,1
145,male,46,black,no,11,Bachelor,74,14,88958,1
146,male,30,white,no,7,Bachelor,59,8,50086,1
147,female,25,hispanic,no,0,Master,5,7,42662,1
148,male,35,white,no,10,Master,74,17,26901,0
149,male,58,white,no,11,Bachelor,49,4,98024,1
150,male,55,white,no,0,Master,51,11,66370,1
151,female,32,white,no,12,Bachelor,83,16,153181,1
152,male,62,asian,no,8,Master,30,15,55141,1
153,male,24,asian,no,12,Bachelor,18,12,56963,1
154,male,49,black,no,8,Bachelor,58,16,65865,1
155,female,50,white,no,17,Master,75,6,86078,0
156,male,30,white,no,11,Bachelor,50,6,68244,1
157,female,24,white,no,16,Master,35,7,95308,1
158,female,46,black,no,16,Bachelor,92,17,55535,0
159,male,55,asian,no,3,Bachelor,63,10,45460,0
160,female,33,white,no,5,Master,99,12,35044,1
161,male,63,white,no,12,Bachelor,33,6,24410,1
162,female,30,black,no,7,Bachelor,21,7,67048,1
163,female,36,asian,no,8,Bachelor,18,14,72475,1
164,male,61,asian,no,17,Master,40,6,64214,1
165,male,46,asian,no,8,PhD,62,16,111085,1
166,female,26,white,no,4,PhD,28,8,110700,0
167,male,32,white,no,4,Bachelor,67,14,71629,1
168,male,55,asian,no,23,Bachelor,95,5,35151,1
169,male,45,black,no,8,Bachelor,29,10,65832,1
170,female,36,white,no,1,Master,63,8,65004,0
171,female,59,asian,no,0,Bachelor,36,12,63571,1
172,male,29,asian,no,6,PhD,86,7,62557,1
173,male,26,black,no,8,Bachelor,22,15,63663,1
174,male,47,black,no,15,PhD,41,17,70336,1
175,female,39,white,yes,15,Master,30,4,64111,1
176,male,27,black,no,9,Master,13,12,85208,1
177,female,58,black,no,7,Bachelor,68,12,89009,1
178,male,34,asian,no,12,Bachelor,76,9,57233,1
179,female,49,asian,no,0,Bachelor,24,4,111776,1
180,male,26,asian,no,21,Bachelor,58,3,55498,1
181,male,34,white,no,13,Bachelor,90,9,39554,1
182,male,38,asian,no,15,Master,87,7,89519,1
183,female,61,asian,no,3,Bachelor,34,3,59564,0
184,female,53,black,no,17,Master,57,17,88032,0
185,male,50,asian,no,7,Master,96,6,19908,0
186,female,24,asian,no,4,Bachelor,67,14,114811,0
187,female,61,white,no,9,PhD,15,15,96807,0
188,female,55,black,no,9,Bachelor,35,6,42488,0
189,male,61,white,no,3,Bachelor,53,12,43030,0
190,male,48,white,no,4,Bachelor,98,9,121806,0
191,male,34,black,no,4,Master,91,11,61565,1
192,female,54,asian,no,4,Bachelor,23,4,59145,1
193,female,27,white,no,7,Bachelor,16,14,23348,1
194,female,45,white,no,1,Master,19,16,71230,0
195,male,40,black,no,5,Bachelor,35,3,74307,0
196,male,37,white,no,16,Master,47,4,97887,1
197,female,61,white,no,14,PhD,41,9,45023,1
198,female,49,white,no,3,PhD,83,15,41992,0
199,female,54,white,no,15,Bachelor,33,12,91274,0
200,female,62,white,no,0,Bachelor,30,8,105168,1
201,female,34,white,no,24,Bachelor,6,6,40721,0
202,male,64,white,yes,17,Bachelor,88,3,107037,0
203,male,46,asian,no,6,Bachelor,19,15,80938,0
204,female,63,black,no,12,Bachelor,8,3,107295,0
205,female,57,asian,no,1,PhD,90,7,78244,0
206,male,48,white,no,10,PhD,54,17,16943,1
207,male,59,white,no,8,Bachelor,42,3,76200,0
208,female,28,asian,no,4,Bachelor,27,14,106503,0
209,male,26,white,no,7,Bachelor,63,17,57656,1
210,male,64,white,no,6,Bachelor,94,9,70300,0
211,male,52,black,no,3,Master,79,15,75596,1
212,female,44,black,no,4,Master,32,13,7512,1
213,female,63,white,no,1,PhD,70,3,121783,0
214,male,31,white,no,15,Master,12,3,57465,1
215,female,53,black,no,4,Master,33,4,92643,0
216,male,64,white,no,2,Master,15,15,77832,1
217,male,51,black,no,15,Bachelor,22,16,111440,1
218,female,60,asian,yes,12,Master,59,13,90151,0
219,female,52,hispanic,no,14,Bachelor,54,14,74126,1
220,female,39,white,no,15,Bachelor,18,12,57662,0
221,female,57,asian,no,21,Bachelor,78,5,99946,1
222,female,23,black,no,9,Bachelor,13,15,33163,0
223,male,35,white,no,1,PhD,15,13,96147,1
224,male,34,white,no,11,Bachelor,67,17,52523,0
225,male,50,asian,yes,5,Bachelor,80,3,111307,1
226,male,33,white,no,4,Bachelor,71,17,84032,1
227,female,60,white,no,10,Master,57,11,96103,1
228,male,23,white,no,15,Bachelor,43,12,82049,1
229,female,53,asian,no,4,PhD,82,10,36190,0
230,female,34,asian,no,17,PhD,60,7,58481,1
231,female,48,asian,no,4,Master,32,15,96809,1
232,male,62,white,no,8,Master,79,13,84166,1
233,female,38,white,no,12,Bachelor,43,4,109524,0
234,male,61,black,no,7,Bachelor,29,7,90081,0
235,male,52,white,no,0,Master,25,8,55832,1
236,female,55,white,no,15,Bachelor,14,16,60098,1
237,male,45,black,no,6,Bachelor,47,17,82572,1
238,male,56,hispanic,no,14,Master,19,3,22148,1
239,female,27,asian,no,2,Bachelor,87,13,121836,0
240,male,40,asian,no,3,PhD,52,6,91043,1
241,female,51,hispanic,no,15,Bachelor,90,11,110675,1
242,female,28,white,no,12,Master,25,4,40484,1
243,female,31,black,no,7,Master,64,7,111114,0
244,male,62,hispanic,no,12,Master,54,3,135787,0
245,male,53,white,no,4,Bachelor,27,6,46978,1
246,female,55,asian,no,10,Master,17,6,99285,0
247,male,49,black,no,10,PhD,73,8,80027,1
248,female,36,black,no,7,Bachelor,8,12,41389,0
249,female,51,black,no,4,Bachelor,96,11,92322,1
250,female,58,hispanic,no,10,Master,82,5,100840,0
251,male,50,asian,no,9,Master,76,11,64971,1
252,male,43,white,no,7,Bachelor,13,8,109147,0
253,female,25,asian,no,3,PhD,39,9,38330,1
254,male,41,white,no,10,Bachelor,25,14,42631,0
255,male,53,white,no,7,Bachelor,62,12,83414,0
256,female,57,white,no,3,Master,22,4,80634,1
257,female,25,white,no,10,Master,76,13,62085,1
258,female,48,white,no,19,PhD,85,12,100239,1
259,female,38,hispanic,no,7,PhD,47,16,93272,1
260,male,33,asian,no,18,Bachelor,99,8,101453,1
261,female,43,black,no,22,Bachelor,10,8,76921,0
262,female,38,white,no,4,Bachelor,90,4,95064,1
263,male,31,hispanic,no,10,Master,82,4,68858,0
264,male,22,hispanic,no,22,PhD,71,16,131345,1
265,female,43,asian,no,9,Bachelor,16,4,59686,0
266,female,47,white,no,10,Bachelor,16,12,132632,1
267,female,39,white,yes,0,Bachelor,70,14,80872,0
268,female,35,white,no,6,Master,6,3,45612,1
269,male,50,white,yes,13,Bachelor,19,7,114201,1
270,male,33,white,no,24,Bachelor,27,10,83147,0
271,female,57,hispanic,no,8,Master,33,4,101278,0
272,female,56,white,no,0,Master,85,15,110596,0
273,female,33,white,no,1,Master,11,17,88448,0
274,female,28,white,no,9,Master,98,7,65193,0
275,male,50,white,no,17,Bachelor,32,14,104392,1
276,male,32,white,no,13,Master,18,10,80018,0
277,female,54,white,no,12,Master,48,12,97146,1
278,female,27,white,no,17,PhD,34,16,26156,0
279,female,36,asian,no,5,Bachelor,85,7,91174,0
280,female,53,hispanic,yes,10,Bachelor,36,4,64035,1
281,female,32,white,no,6,Bachelor,74,5,121332,1
282,male,44,white,yes,8,Bachelor,92,17,95577,0
283,male,47,asian,no,3,Master,10,8,85996,1
284,male,55,white,no,7,Bachelor,31,13,92157,1
285,female,55,white,no,9,Bachelor,86,13,55038,1
286,male,50,asian,no,7,Bachelor,92,7,120581,1
287,male,25,white,no,9,Bachelor,28,13,129784,1
288,male,38,black,no,12,Bachelor,38,6,89822,1
289,male,56,black,no,17,Bachelor,44,6,119760,0
290,female,34,white,no,17,Bachelor,51,7,65771,1
291,male,62,white,yes,14,Master,83,4,60072,0
292,male,60,asian,no,2,Master,79,11,81023,0
293,female,36,white,no,7,Bachelor,90,4,90873,0
294,male,50,white,no,8,PhD,28,12,70150,0
295,male,50,asian,no,6,Master,69,4,93444,1
296,male,32,black,no,12,Master,22,12,87659,0
297,female,53,white,no,0,Bachelor,48,16,55042,1
298,male,23,asian,no,20,Bachelor,80,11,92969,1
299,female,35,white,no,17,Bachelor,61,16,101588,1
300,male,41,asian,no,12,Bachelor,32,5,84286,1
301,male,43,asian,no,9,Bachelor,75,17,108816,0
302,male,32,black,no,17,PhD,27,12,49564,1
303,male,48,white,yes,14,Bachelor,89,9,91698,0
304,female,24,hispanic,no,16,Bachelor,38,6,50742,0
305,female,38,white,no,9,Master,15,15,52147,0
306,female,49,asian,no,20,Bachelor,90,15,64226,1
307,male,50,white,no,17,Master,39,8,56448,1
308,male,42,white,no,13,Master,97,16,66300,1
309,female,37,white,no,17,Master,46,6,74646,1
310,male,58,hispanic,yes,7,PhD,32,12,100928,0
311,male,41,hispanic,no,2,Bachelor,86,17,71971,1
312,male,27,white,yes,11,Master,82,9,40359,1
313,male,40,white,no,9,PhD,86,3,108501,0
314,female,26,asian,no,8,Master,96,5,59072,1
315,female,24,white,no,17,Bachelor,28,15,78531,0
316,female,22,white,yes,11,PhD,12,5,91163,1
317,male,59,black,no,11,Bachelor,57,3,84990,1
318,male,36,black,no,8,PhD,76,8,107354,1
319,male,55,hispanic,yes,15,Bachelor,8,17,91975,1
320,male,56,white,no,14,Master,95,15,58467,1
321,male,46,white,no,15,PhD,9,13,134464,1
322,female,45,black,no,7,Bachelor,53,16,84858,0
323,female,33,asian,no,17,Bachelor,34,11,76316,0
324,male,39,black,no,21,Bachelor,76,10,104098,1
325,female,36,black,no,15,PhD,67,13,86236,1
326,female,37,white,no,5,Master,51,9,89980,0
327,female,48,asian,no,5,Master,30,12,142304,0
328,female,29,white,no,7,Master,61,10,73121,1
329,male,46,white,no,6,Master,41,8,72055,1
330,male,38,black,no,9,Bachelor,11,11,82914,0
331,male,50,white,no,13,Bachelor,44,5,106787,1
332,female,29,white,no,11,Master,96,17,42336,0
333,male,36,asian,no,11,Bachelor,43,12,30861,1
334,male,48,white,no,8,Bachelor,66,12,65322,0
335,male,28,asian,yes,9,Bachelor,96,11,39151,0
336,male,24,white,no,14,Bachelor,82,6,69379,1
337,female,50,asian,no,0,PhD,57,9,92562,1
338,female,45,white,no,9,Bachelor,8,17,57731,1
339,male,24,white,no,11,Master,86,15,44329,0
340,male,41,hispanic,no,14,Bachelor,29,11,81733,1
341,male,36,asian,no,3,Bachelor,11,4,101563,1
342,male,46,white,no,3,Bachelor,32,4,37625,0
343,male,51,white,no,13,Master,73,11,100505,1
344,male,35,asian,no,0,Master,71,14,100432,1
345,male,28,black,no,17,PhD,99,15,103852,1
346,female,38,asian,no,11,Master,24,5,110462,1
347,female,41,asian,no,19,Master,87,11,135050,0
348,male,57,white,no,3,Master,15,15,71097,0
349,male,30,white,no,7,PhD,71,17,82739,1
350,female,59,black,no,0,Master,91,7,69589,0
351,male,43,white,no,5,Bachelor,11,8,80049,0
352,female,23,white,no,8,Master,27,4,118321,0
353,female,45,hispanic,no,0,Master,65,10,46374,1
354,male,29,black,no,7,Master,75,13,58473,0
355,male,32,asian,no,0,Bachelor,38,11,114429,1
356,female,34,black,no,8,PhD,23,4,105500,1
357,male,38,black,yes,16,PhD,62,8,70921,1
358,female,29,white,no,9,Bachelor,13,8,101360,1
359,female,42,white,no,19,PhD,52,10,88530,0
360,female,39,white,no,14,Bachelor,86,12,117506,1
361,male,51,white,no,18,Bachelor,45,14,81862,0
362,female,39,asian,no,5,Bachelor,52,7,105640,1
363,male,52,white,no,5,Bachelor,49,11,146050,0
364,male,59,white,no,12,Master,29,3,94952,1
365,female,53,white,yes,0,Bachelor,82,11,81233,1
366,male,32,white,no,12,Bachelor,29,12,98061,1
367,female,46,white,yes,8,Bachelor,23,9,70867,0
368,female,54,white,no,17,Bachelor,43,6,139699,1
369,male,59,white,no,14,Bachelor,83,5,84501,0
370,male,62,white,no,16,Master,84,16,73176,1
371,male,29,white,no,5,Bachelor,31,12,59107,1
372,male,32,asian,no,16,PhD,78,17,107430,1
373,male,43,white,no,18,Master,67,13,101679,0
374,female,45,white,no,9,Bachelor,72,16,67566,0
375,male,62,black,no,5,PhD,23,8,94411,0
376,male,38,white,no,5,Bachelor,32,14,42286,0
377,female,33,asian,no,17,Bachelor,89,15,84624,1
378,male,53,black,no,26,Bachelor,82,3,91318,1
379,female,36,white,no,4,Bachelor,37,5,122683,1
380,male,37,black,no,3,Master,14,4,60729,0
381,male,43,white,no,15,Master,87,13,48041,0
382,female,49,black,no,5,Bachelor,34,15,57614,0
383,female,41,white,no,16,Master,26,11,46585,1
384,female,54,asian,yes,12,Bachelor,7,5,113416,0
385,female,31,white,no,9,Master,86,15,118715,1
386,female,61,black,no,12,Bachelor,79,4,88005,0
387,male,53,black,no,12,Bachelor,52,6,110532,1
388,male,54,white,no,8,Bachelor,6,17,83348,0
389,female,23,white,no,0,Bachelor,80,16,77622,1
390,female,54,asian,no,11,Master,58,4,71674,0
391,female,54,asian,no,19,Master,10,3,72240,0
392,male,62,white,no,0,Bachelor,44,8,41304,0
393,male,34,asian,no,4,Master,97,17,86606,1
394,female,51,hispanic,no,12,Master,98,12,78991,0
395,male,54,asian,no,10,PhD,6,10,98634,0
396,female,34,white,no,12,Bachelor,77,12,82338,0
397,female,47,asian,no,5,Bachelor,6,12,75932,0
398,male,43,white,no,16,PhD,97,4,58220,0
399,female,60,hispanic,no,10,Master,78,16,81803,0
400,female,23,white,no,14,Bachelor,59,11,98455,0
401,male,59,white,no,11,Bachelor,76,17,51416,0
402,female,60,asian,no,11,Bachelor,64,15,82186,1
403,male,47,white,no,13,Master,10,5,85826,1
404,female,36,hispanic,no,11,Master,23,10,62048,0
405,male,55,hispanic,no,2,Bachelor,31,14,65303,0
406,female,63,black,no,16,Master,5,10,85765,0
407,male,61,white,no,14,Master,37,17,51664,1
408,male,32,black,no,0,Master,44,5,88748,1
409,female,24,white,no,6,Master,36,5,57616,0
410,male,27,white,no,16,Master,73,14,106571,1
411,male,30,asian,no,0,Bachelor,21,17,138445,1
412,female,27,white,no,15,PhD,12,8,58481,0
413,female,30,white,no,9,Bachelor,61,3,93355,1
414,female,60,hispanic,yes,18,Bachelor,46,6,61831,0
415,female,52,white,no,9,Bachelor,13,3,106023,0
416,male,53,white,no,5,Bachelor,91,16,48368,1
417,male,62,hispanic,no,11,Bachelor,39,5,92014,1
418,male,33,white,no,9,Bachelor,75,11,58175,0
419,female,29,asian,no,5,Master,83,16,74825,1
420,female,29,hispanic,no,23,Bachelor,57,16,54224,1
421,female,49,hispanic,no,4,Master,58,7,100558,1
422,female,41,black,no,0,Bachelor,88,14,59075,0
423,male,28,white,no,19,PhD,29,7,93799,1
424,male,32,white,no,6,Master,71,13,71397,1
425,male,41,asian,no,8,Bachelor,66,6,77138,1
426,male,37,asian,no,7,Master,59,5,83693,0
427,male,25,black,no,6,Master,50,7,60954,1
428,female,27,white,no,5,Master,28,17,85259,1
429,male,43,white,no,4,Master,50,16,118258,1
430,male,47,white,no,10,Master,26,13,60547,1
431,male,24,asian,no,7,Master,15,6,109295,0
432,female,62,white,no,14,Bachelor,52,10,117452,0
433,female,63,hispanic,no,12,Bachelor,12,6,59596,0
434,male,35,asian,no,4,Master,43,13,43623,0
435,male,32,white,no,10,Bachelor,39,14,87549,0
436,female,39,black,no,7,Bachelor,53,10,66314,0
437,male,33,white,no,4,Bachelor,50,8,126715,1
438,female,44,black,no,14,Bachelor,42,17,80870,0
439,female,33,asian,no,9,PhD,12,16,59945,1
440,male,34,asian,no,7,Bachelor,58,14,51321,0
441,male,46,asian,no,4,Bachelor,41,13,107247,1
442,female,40,white,no,3,Master,95,7,65720,0
443,male,57,white,no,21,Master,96,6,81095,1
444,male,29,asian,no,12,Bachelor,44,6,103895,1
445,female,50,white,no,3,Bachelor,38,14,67893,0
446,female,53,white,no,11,PhD,83,6,78851,0
447,female,39,white,no,16,Master,21,13,79585,0
448,female,27,black,yes,11,Bachelor,37,15,97083,0
449,male,39,white,no,18,Bachelor,51,15,94768,1
450,male,40,black,no,0,Bachelor,56,11,74497,1
451,female,43,hispanic,no,0,Bachelor,84,6,81591,0
452,female,58,white,yes,11,Bachelor,97,14,70705,1
453,male,53,white,no,11,PhD,13,11,43059,1
454,female,62,white,no,0,Bachelor,37,15,86440,0
455,male,24,asian,no,6,Master,64,12,127304,1
456,male,49,white,no,3,Bachelor,97,8,57907,0
457,male,31,white,no,1,Master,81,12,60674,1
458,male,56,white,no,3,Master,25,15,58231,1
459,male,50,asian,yes,13,Bachelor,62,9,98114,1
460,male,36,white,no,3,Master,89,14,91212,1
461,male,54,asian,no,4,Bachelor,73,12,76036,1
462,female,28,hispanic,no,0,PhD,14,5,57049,1
463,female,33,white,no,17,PhD,10,10,82309,1
464,female,51,asian,no,12,Bachelor,17,5,40884,0
465,female,42,white,no,0,Bachelor,69,3,83585,1
466,male,52,asian,no,4,Bachelor,24,15,101788,0
467,male,45,black,no,13,Master,61,15,48720,1
468,female,41,asian,no,17,Bachelor,50,12,41687,1
469,male,58,white,no,15,Bachelor,12,14,119485,0
470,female,25,white,no,7,Bachelor,14,7,64706,0
471,male,49,white,no,0,Bachelor,77,4,108398,1
472,female,41,white,no,15,Master,71,12,76150,0
473,male,45,white,no,8,Bachelor,15,16,75951,1
474,female,53,white,no,10,Master,16,8,90960,0
475,male,62,white,no,8,Bachelor,14,15,57900,1
476,female,57,white,no,1,Bachelor,29,12,83312,0
477,male,55,asian,no,12,Master,53,11,70462,0
478,female,57,white,no,11,PhD,53,3,46987,0
479,female,23,white,no,7,Master,93,16,88437,1
480,male,36,white,no,12,Bachelor,15,15,73417,1
481,female,55,white,no,1,Bachelor,66,6,76074,0
482,female,57,hispanic,no,8,PhD,40,17,49745,0
483,male,27,white,no,10,Bachelor,43,3,119785,1
484,female,60,asian,no,0,Bachelor,57,3,101917,0
485,female,63,hispanic,no,9,PhD,94,10,104103,1
486,female,33,asian,no,14,Master,82,16,72363,0
487,male,24,black,no,8,PhD,60,16,36770,1
488,male,39,asian,no,9,PhD,5,15,128822,0
489,female,61,hispanic,no,13,PhD,60,16,78472,0
490,female,42,black,no,7,Bachelor,8,13,61280,0
491,male,36,black,no,8,Bachelor,34,17,90420,0
492,female,54,black,no,2,Master,16,4,109178,0
493,male,56,black,no,9,Master,39,3,79423,0
494,male,47,black,no,7,Bachelor,81,13,111964,1
495,male,29,white,no,12,Bachelor,56,10,107074,1
496,male,57,white,no,13,Bachelor,35,6,53090,1
497,female,51,white,no,14,Master,91,5,63155,0
498,male,44,white,no,6,Bachelor,72,15,103938,1
499,female,63,white,no,0,Bachelor,56,14,12184,1
500,female,35,white,no,14,Master,84,6,76263,1
501,female,35,black,no,12,Master,11,16,44229,1
502,male,23,white,no,6,Bachelor,26,13,68086,1
503,male,58,asian,no,13,Master,97,7,72529,1
504,female,26,white,no,1,Master,79,3,71043,1
505,female,59,white,no,16,Bachelor,60,17,66193,1
506,male,62,asian,no,7,Bachelor,62,16,52571,0
507,female,35,black,no,5,Bachelor,97,13,137297,1
508,female,60,white,no,6,Bachelor,68,3,126686,0
509,female,46,asian,no,8,PhD,16,5,50948,1
510,female,41,asian,no,9,Bachelor,11,8,119552,0
511,female,23,white,no,10,Master,59,3,70013,0
512,male,60,white,no,7,Bachelor,66,16,83229,1
513,female,27,hispanic,no,11,Bachelor,94,13,78418,0
514,female,38,black,no,10,Master,77,14,63506,1
515,male,46,black,yes,6,Bachelor,81,17,104596,0
516,male,49,asian,no,5,Bachelor,59,4,83147,1
517,male,23,white,no,13,Bachelor,40,17,68086,0
518,female,56,white,no,13,Bachelor,93,14,47385,0
519,female,58,white,no,10,Master,28,16,57660,0
520,male,26,asian,no,15,Bachelor,48,9,38965,1
521,female,22,black,no,0,PhD,21,16,80305,1
522,male,61,black,no,6,Master,6,16,50083,0
523,female,33,white,no,3,Bachelor,17,3,73360,0
524,female,57,white,no,23,Bachelor,35,15,114252,0
525,female,44,white,no,14,Bachelor,97,16,109982,1
526,male,52,asian,no,9,Master,32,17,79193,0
527,male,32,black,yes,14,Bachelor,64,9,77822,0
528,male,31,white,no,16,Master,31,17,126996,1
529,male,24,asian,no,16,Bachelor,19,6,93018,1
530,female,35,white,yes,15,Master,99,12,71804,1
531,female,37,hispanic,no,8,Bachelor,83,16,44349,0
532,female,31,white,yes,6,PhD,37,8,89846,1
533,female,50,black,no,4,Bachelor,24,16,100733,0
534,female,31,white,no,13,Bachelor,46,10,64208,1
535,female,33,hispanic,no,9,Bachelor,16,11,87280,1
536,female,51,white,no,7,Bachelor,77,8,70910,0
537,female,62,white,no,7,PhD,27,14,75399,0
538,male,22,white,yes,18,Bachelor,76,13,17804,1
539,male,26,white,no,15,Bachelor,18,15,74455,0
540,male,41,white,no,20,Master,95,17,104234,1
541,female,29,hispanic,no,13,Bachelor,29,16,64214,1
542,female,64,white,no,10,Master,81,11,81313,0
543,male,33,asian,no,9,Master,89,6,61101,1
544,female,22,black,no,3,Bachelor,35,8,89011,0
545,female,41,black,no,2,PhD,58,10,74586,0
546,male,49,white,no,13,Bachelor,9,11,56518,1
547,male,64,white,no,4,Bachelor,17,5,113313,1
548,female,58,asian,no,11,Master,32,4,103223,1
549,male,58,hispanic,no,16,Master,47,8,64877,0
550,female,33,white,no,6,Bachelor,93,6,92444,0
551,male,58,white,no,22,Master,51,3,93435,0
552,female,49,white,no,4,Bachelor,75,10,96057,1
553,female,36,hispanic,no,15,Bachelor,42,11,37643,1
554,female,27,white,no,12,PhD,71,16,105165,1
555,female,41,white,no,17,Bachelor,66,11,65757,1
556,male,35,asian,no,3,Bachelor,43,4,71054,1
557,male,23,white,no,23,Master,41,11,145947,1
558,male,30,white,no,8,PhD,90,9,87546,1
559,female,58,black,no,14,Bachelor,12,7,70341,0
560,female,41,hispanic,no,18,Master,85,9,24867,0
561,female,47,white,no,6,Master,56,15,114744,1
562,male,50,white,no,14,PhD,95,11,46369,1
563,male,22,white,no,5,PhD,37,10,54914,1
564,male,56,white,no,18,Bachelor,85,8,71716,0
565,male,27,black,no,5,Bachelor,46,15,115410,0
566,female,58,white,no,10,Bachelor,80,6,99330,0
567,male,26,white,no,11,Master,31,15,76054,0
568,male,54,white,no,14,Master,12,17,87707,1
569,female,35,black,no,21,Master,27,3,64990,1
570,male,33,black,no,7,PhD,68,8,83491,1
571,male,63,asian,no,16,Bachelor,97,5,81833,1
572,female,41,white,no,21,Bachelor,24,8,104219,0
573,male,45,asian,yes,10,Bachelor,20,8,104179,1
574,female,64,asian,no,6,Bachelor,21,16,92349,1
575,female,55,white,no,0,Bachelor,84,6,70941,0
576,female,46,white,yes,21,Bachelor,23,4,98545,0
577,male,50,white,no,8,Master,12,17,77700,1
578,female,60,white,yes,3,PhD,42,11,52952,0
579,male,52,white,no,1,Master,42,4,69917,1
580,male,64,white,no,3,Master,57,5,82113,1
581,male,44,white,no,15,Bachelor,97,12,102755,1
582,female,59,asian,no,16,Master,94,3,75411,0
583,male,41,white,no,13,Master,35,9,49770,1
584,male,44,asian,no,10,Master,48,17,81418,0
585,female,37,black,no,2,Bachelor,64,3,82836,1
586,male,63,asian,no,5,Bachelor,80,13,84645,1
587,male,29,black,no,3,Bachelor,21,11,102996,0
588,male,42,white,no,13,Master,83,13,105473,1
589,male,22,black,yes,3,Master,77,13,65144,0
590,male,29,white,no,5,PhD,43,3,64596,0
591,male,50,white,no,8,Bachelor,46,7,53995,1
592,female,53,hispanic,no,0,Master,52,9,97470,0
593,male,59,white,no,10,PhD,16,5,116220,1
594,male,26,white,no,9,Bachelor,93,11,72122,1
595,female,43,asian,no,17,Bachelor,22,10,73964,1
596,male,55,asian,no,5,PhD,83,15,116669,0
597,female,22,black,no,2,Bachelor,10,17,92638,1
598,male,47,white,no,7,PhD,47,5,90905,1
599,male,64,black,no,3,PhD,39,17,50227,0
600,male,31,white,no,10,Master,58,7,96968,1
601,male,51,asian,no,0,Master,66,9,56771,0
602,male,39,hispanic,no,6,Master,73,14,51649,1
603,male,38,asian,no,4,Master,86,16,71330,1
604,male,47,asian,no,13,Bachelor,20,6,65355,1
605,male,29,white,no,5,Bachelor,12,7,74460,1
606,male,61,asian,no,0,Bachelor,93,5,43975,0
607,male,33,asian,no,8,Master,94,11,103970,0
608,male,48,white,no,11,Bachelor,90,12,108192,0
609,male,29,asian,no,8,Bachelor,35,11,31316,0
610,female,46,white,no,6,Bachelor,14,9,104461,0
611,male,25,black,no,5,Master,60,12,59736,0
612,female,54,asian,no,10,PhD,80,4,101424,0
613,female,22,black,no,4,PhD,96,9,78288,1
614,male,40,white,no,8,Bachelor,74,9,80719,0
615,female,52,black,no,14,PhD,24,13,75372,1
616,female,37,black,no,2,Master,9,7,110303,0
617,male,35,hispanic,no,9,Master,27,11,49010,0
618,male,26,white,no,0,Master,13,15,95196,0
619,female,62,white,no,11,Bachelor,62,14,107533,1
620,female,47,asian,no,4,PhD,63,13,97908,0
621,male,49,white,no,16,Bachelor,97,5,138117,1
622,male,23,black,no,1,Bachelor,84,6,66776,1
623,male,27,black,no,12,Master,58,3,103932,0
624,male,30,asian,no,17,Bachelor,50,8,77347,1
625,female,54,black,no,3,Bachelor,26,6,110835,0
626,male,62,black,no,4,Master,68,3,79807,1
627,male,46,white,no,4,Bachelor,12,4,70303,1
628,female,34,white,no,7,Master,24,17,112651,0
629,male,30,white,no,13,Master,55,5,67710,1
630,male,34,white,no,6,Master,82,11,44681,1
631,female,52,black,no,3,Master,43,15,67078,0
632,female,62,asian,no,0,Master,41,10,95475,0
633,male,32,black,no,19,Master,54,9,114800,0
634,male,25,asian,no,20,Master,38,15,82778,1
635,male,55,hispanic,no,13,Master,79,17,112954,1
636,male,59,asian,yes,5,Master,37,13,46045,0
637,male,25,black,no,14,PhD,35,14,68918,1
638,male,59,black,no,15,Bachelor,58,16,72785,1
639,male,40,white,no,8,Bachelor,48,6,77136,1
640,male,27,white,no,10,PhD,38,3,82102,1
641,male,55,white,no,17,Bachelor,75,10,97272,1
642,male,39,hispanic,no,0,Bachelor,66,6,68879,1
643,male,34,asian,no,15,Master,27,5,83475,1
644,male,62,white,no,8,Bachelor,50,11,78871,1
645,male,44,white,no,3,Bachelor,60,12,56852,0
646,female,40,asian,no,3,PhD,11,6,77158,0
647,female,32,white,no,4,Master,93,6,76408,0
648,female,22,white,no,2,Bachelor,65,16,75872,1
649,female,45,asian,no,20,PhD,7,11,80793,0
650,male,28,white,no,12,PhD,42,15,81891,1
651,male,46,white,no,16,Bachelor,88,14,69192,0
652,male,42,black,no,13,Bachelor,38,13,111817,1
653,female,36,asian,yes,10,Master,48,14,50762,0
654,female,22,black,no,10,Master,34,16,61975,0
655,male,33,white,no,7,Master,21,4,149499,0
656,male,28,white,no,8,PhD,63,16,54050,1
657,male,36,white,no,1,Master,14,14,46156,1
658,male,42,black,no,16,Bachelor,88,7,98361,1
659,female,40,asian,no,0,Master,22,17,28072,1
660,female,50,white,no,3,Bachelor,49,6,74118,0
661,male,46,asian,no,22,Master,95,11,133645,1
662,female,54,white,no,10,Master,63,14,41376,1
663,female,53,white,no,11,Bachelor,66,7,30450,1
664,male,56,white,no,13,Master,63,11,42520,1
665,male,59,white,no,0,Bachelor,53,13,102458,1
666,male,47,black,no,1,Bachelor,67,11,108119,0
667,male,32,black,no,7,Master,91,16,67185,1
668,male,56,white,no,4,Bachelor,36,4,97080,1
669,male,29,black,no,9,Master,14,16,114756,1
670,male,35,white,no,12,Bachelor,15,17,124683,1
671,male,31,asian,no,18,Master,74,11,73841,1
672,female,23,hispanic,no,14,Master,66,5,22463,0
673,male,30,white,no,4,Master,51,6,59478,0
674,male,24,black,no,7,Bachelor,38,3,69329,0
675,male,42,white,no,6,PhD,21,16,73526,1
676,female,47,white,no,3,Bachelor,58,3,75303,1
677,male,29,white,yes,2,Bachelor,80,3,107972,0
678,male,23,asian,no,19,Bachelor,89,11,111860,0
679,female,27,black,no,10,Bachelor,44,13,75708,0
680,female,49,white,yes,8,PhD,23,10,107462,1
681,female,50,asian,no,12,Bachelor,71,7,88941,0
682,male,47,black,no,13,Master,86,7,81612,0
683,male,46,asian,no,16,Master,57,11,102663,0
684,female,33,black,no,5,Bachelor,68,5,81806,1
685,female,26,black,no,12,Master,87,5,131445,0
686,female,55,white,no,4,Bachelor,51,9,44039,0
687,female,58,white,no,8,Bachelor,10,11,67120,0
688,male,36,hispanic,yes,10,Bachelor,20,8,76837,0
689,female,57,white,no,10,PhD,76,16,90986,0
690,male,36,hispanic,no,10,PhD,22,4,111699,1
691,male,64,black,no,14,Bachelor,56,3,79390,0
692,male,44,white,no,6,Bachelor,52,4,44444,1
693,male,27,white,no,11,Master,47,16,101062,0
694,male,64,white,no,5,Bachelor,43,16,98873,1
695,male,42,hispanic,no,27,PhD,53,3,31453,1
696,female,44,white,no,4,Master,16,12,79904,0
697,male,64,white,no,5,Bachelor,14,12,40246,0
698,female,37,white,no,15,Master,75,11,63383,0
699,male,36,white,no,7,Bachelor,59,17,57429,0
700,male,46,white,no,15,PhD,5,12,100231,0
701,male,57,white,no,10,PhD,53,17,82920,1
702,male,32,asian,no,7,Bachelor,40,14,47860,1
703,male,36,white,yes,5,Bachelor,25,16,102001,1
704,male,25,white,no,5,PhD,41,15,44154,1
705,male,42,white,no,7,PhD,28,10,88252,1
706,female,34,white,no,8,Bachelor,59,17,59649,0
707,male,43,hispanic,no,5,Master,29,9,70858,0
708,female,40,black,no,9,Bachelor,11,17,92606,1
709,male,55,white,no,3,Bachelor,85,5,93036,1
710,female,35,black,no,14,PhD,97,10,113424,1
711,female,25,white,no,15,Bachelor,98,4,77943,0
712,female,48,white,no,5,PhD,75,4,87661,1
713,male,50,hispanic,no,5,Bachelor,75,13,69056,0
714,male,49,asian,no,11,Master,28,12,84549,0
715,male,56,hispanic,no,17,Bachelor,15,5,90987,1
716,female,29,white,no,18,Master,77,9,77542,0
717,female,37,black,no,1,Master,16,3,34906,1
718,female,63,white,no,16,Bachelor,39,10,88286,0
719,male,57,white,no,9,Master,67,14,89114,1
720,female,51,asian,no,9,Bachelor,72,9,62995,1
721,female,39,white,no,13,Bachelor,96,6,47890,0
722,male,23,asian,no,7,Master,61,16,116896,1
723,male,34,asian,no,16,Bachelor,17,17,92286,0
724,female,25,white,yes,18,Master,27,7,74272,0
725,female,47,black,no,18,Master,87,12,51574,1
726,female,46,black,yes,0,Master,43,15,59454,1
727,male,51,white,no,8,Bachelor,92,3,112564,1
728,female,32,asian,no,0,Bachelor,84,6,83441,0
729,male,28,black,no,5,Bachelor,16,17,66235,1
730,male,52,white,no,0,Master,38,3,92742,0
731,male,31,black,yes,12,Master,75,3,59640,0
732,female,60,hispanic,no,11,Master,79,12,117521,0
733,female,34,white,no,7,Bachelor,35,3,113820,0
734,male,52,asian,no,5,Bachelor,97,9,68335,0
735,male,28,white,yes,11,Bachelor,66,9,64283,0
736,female,63,asian,no,3,Bachelor,17,6,14546,0
737,male,63,asian,no,3,Bachelor,35,17,42960,1
738,female,57,white,no,2,Bachelor,6,15,46513,0
739,male,41,white,no,8,Bachelor,19,14,83379,1
740,male,25,asian,no,6,Bachelor,61,4,71844,1
741,male,28,white,no,7,Bachelor,79,14,46366,1
742,male,22,asian,no,13,Bachelor,38,5,72970,1
743,female,63,white,no,15,Bachelor,72,10,92633,0
744,male,34,asian,no,18,Bachelor,79,15,93195,1
745,male,43,asian,yes,10,Master,33,10,32508,1
746,female,42,hispanic,no,12,Bachelor,70,13,76793,1
747,male,43,white,no,11,Bachelor,20,13,45416,0
748,male,49,black,no,0,Bachelor,43,8,102543,1
749,female,30,black,no,7,Bachelor,81,17,99603,0
750,female,47,white,no,7,Bachelor,41,12,57549,0
751,male,30,white,no,6,Bachelor,85,11,60848,0
752,female,36,white,no,9,Master,25,13,68468,0
753,female,31,asian,no,8,Bachelor,48,14,23680,0
754,male,45,black,no,4,Bachelor,23,11,88399,1
755,male,63,white,yes,9,PhD,75,6,73178,1
756,female,29,black,no,6,Bachelor,12,14,104254,1
757,female,45,white,no,0,Bachelor,81,3,52539,1
758,male,37,white,no,1,PhD,70,3,64521,1
759,female,47,hispanic,no,10,Master,45,17,42336,1
760,female,48,hispanic,no,16,Bachelor,79,14,54892,1
761,male,58,black,no,0,Bachelor,92,12,50450,0
762,male,25,white,no,4,Bachelor,74,17,104899,1
763,male,45,asian,no,12,Bachelor,65,7,62543,0
764,female,40,white,no,15,Master,30,16,83104,1
765,male,57,white,no,7,Bachelor,75,15,70480,1
766,female,60,white,no,5,Bachelor,87,4,48263,0
767,female,31,black,no,17,PhD,74,17,75792,1
768,female,46,black,no,14,PhD,33,8,94977,1
769,male,39,white,no,15,Bachelor,70,9,49806,1
770,female,40,black,no,7,Master,23,3,100227,0
771,male,57,hispanic,no,16,Bachelor,72,8,58756,0
772,female,31,white,no,0,PhD,62,10,67925,1
773,male,54,asian,yes,16,Bachelor,74,14,93267,0
774,male,26,asian,no,9,Bachelor,61,7,63414,0
775,female,56,white,no,10,Bachelor,41,16,80939,0
776,male,55,white,no,4,Bachelor,65,14,72132,0
777,male,54,black,no,0,Bachelor,96,9,83234,1
778,female,42,black,no,10,Master,34,12,20481,1
779,female,38,asian,no,13,Master,75,8,34257,1
780,female,43,white,no,14,Bachelor,77,6,95399,0
781,female,58,hispanic,no,13,Bachelor,29,17,105929,0
782,male,36,white,no,12,Bachelor,69,17,57237,1
783,male,56,white,no,4,PhD,10,9,73899,0
784,male,49,black,yes,14,PhD,22,12,87367,0
785,male,28,white,no,3,PhD,14,11,97330,0
786,female,53,white,no,16,PhD,96,12,29308,0
787,female,32,white,no,9,Bachelor,15,12,57848,0
788,male,31,white,no,9,Bachelor,69,15,71685,1
789,male,30,white,no,15,Master,81,9,97578,1
790,female,35,hispanic,no,16,PhD,88,14,142460,1
791,male,34,white,no,14,Bachelor,69,16,74299,0
792,female,46,asian,no,5,Bachelor,56,7,44825,0
793,male,23,asian,no,14,Master,71,9,90056,0
794,female,56,hispanic,no,5,Bachelor,86,5,113024,1
795,male,28,white,no,14,Bachelor,82,4,82700,1
796,female,42,asian,no,1,Master,35,13,57333,0
797,female,39,black,no,9,Bachelor,95,17,103949,1
798,female,24,black,no,5,Bachelor,21,7,96588,1
799,female,63,black,yes,15,Master,59,6,54347,0
800,female,60,asian,no,16,Master,97,7,89535,1
801,female,62,white,no,11,PhD,40,10,104931,0
802,male,32,asian,no,10,Bachelor,30,14,109547,1
803,female,60,black,yes,14,Bachelor,57,6,78338,0
804,female,45,asian,no,16,Master,21,17,71048,1
805,male,40,hispanic,no,10,Master,90,11,110681,0
806,female,25,white,no,7,Bachelor,29,9,49745,1
807,female,47,hispanic,no,13,Master,6,12,90964,0
808,female,59,white,no,0,Bachelor,90,15,45749,0
809,male,63,white,no,15,Bachelor,9,14,106634,1
810,male,53,white,no,5,Bachelor,8,9,73548,0
811,female,60,white,no,8,Bachelor,40,17,111714,0
812,female,57,black,no,15,Bachelor,10,15,92285,0
813,male,61,white,no,7,Master,25,15,49419,1
814,female,58,white,no,13,Master,81,10,115615,0
815,female,54,hispanic,no,16,PhD,93,14,118781,0
816,male,57,asian,yes,10,Bachelor,30,8,102057,1
817,female,24,asian,no,11,Bachelor,59,10,60960,1
818,male,30,asian,no,9,Bachelor,43,5,72349,0
819,male,29,asian,no,10,Bachelor,88,12,83635,0
820,male,54,white,no,3,Master,37,12,62407,0
821,female,27,white,yes,8,Master,18,16,122308,0
822,male,62,asian,no,2,Master,60,3,83608,0
823,male,60,white,no,4,Bachelor,85,8,12416,1
824,male,25,black,no,0,Bachelor,25,3,88483,1
825,male,34,white,no,11,Bachelor,50,11,71296,1
826,female,23,white,no,20,Bachelor,20,16,78126,0
827,male,26,black,no,7,Master,20,4,70784,1
828,male,48,black,no,15,PhD,88,13,100176,1
829,female,53,black,no,16,Bachelor,33,4,107992,0
830,male,42,black,no,2,Master,96,9,87076,1
831,male,29,white,no,4,Master,12,4,71517,0
832,male,59,white,no,15,Bachelor,92,12,78966,0
833,male,29,asian,no,9,Master,7,10,80489,1
834,male,24,black,no,2,Bachelor,93,8,59939,0
835,male,24,white,no,6,Bachelor,23,16,94473,0
836,male,43,asian,yes,12,Master,70,9,91501,0
837,female,27,white,no,5,PhD,83,9,118511,0
838,male,23,white,no,0,Bachelor,90,8,111383,0
839,female,44,white,no,8,Bachelor,78,12,62858,1
840,female,23,asian,no,8,PhD,86,13,100507,1
841,male,59,black,no,10,Master,26,11,56226,0
842,female,38,white,no,17,Master,50,15,97398,1
843,male,56,asian,no,10,Bachelor,95,11,67084,1
844,female,55,white,yes,11,PhD,17,17,54418,0
845,male,44,white,no,16,Bachelor,37,9,87001,0
846,male,51,white,no,10,Master,9,11,13135,1
847,male,29,white,no,22,Bachelor,94,15,36225,0
848,female,43,white,no,2,Master,81,12,75562,0
849,male,57,black,no,4,Bachelor,31,5,82061,0
850,female,26,asian,no,13,Bachelor,82,5,70767,0
851,male,34,black,yes,17,Bachelor,28,3,40514,1
852,female,50,white,no,8,Bachelor,71,7,59552,1
853,male,52,white,no,3,Master,67,17,89780,1
854,female,37,white,no,20,PhD,98,6,94544,1
855,male,63,white,no,5,PhD,52,4,79594,1
856,male,51,asian,no,12,Bachelor,67,11,108920,0
857,male,37,white,no,17,Master,82,5,89934,0
858,male,33,asian,no,7,Master,16,17,61313,1
859,female,38,asian,no,6,Bachelor,32,10,72987,0
860,male,37,white,no,6,Bachelor,48,8,44928,1
861,female,33,asian,no,15,Master,97,16,77296,1
862,male,29,black,no,16,PhD,47,15,107802,0
863,male,41,black,no,10,Master,21,7,97132,1
864,male,24,black,no,21,Bachelor,44,3,115050,1
865,male,37,white,no,10,Master,53,6,72427,0
866,female,51,white,no,17,Bachelor,89,5,113652,0
867,male,44,white,no,7,Master,61,3,75167,0
868,male,49,white,no,24,Master,91,14,116789,1
869,female,61,black,no,19,Bachelor,88,17,79453,1
870,female,26,white,no,9,PhD,68,7,97680,1
871,male,41,hispanic,no,18,Bachelor,79,8,116877,1
872,male,61,asian,no,18,PhD,61,4,75164,1
873,female,22,white,yes,19,Bachelor,78,17,85459,0
874,male,51,white,yes,0,Bachelor,78,16,112221,0
875,male,42,asian,no,14,Bachelor,74,5,76674,0
876,male,41,asian,no,13,Bachelor,92,13,46977,1
877,female,27,asian,no,12,Bachelor,80,16,133575,0
878,female,43,white,no,11,Master,47,17,68255,0
879,male,39,white,no,11,Master,27,8,83968,0
880,male,29,white,no,17,Master,31,6,108900,0
881,male,60,white,no,13,Bachelor,62,11,64787,1
882,female,53,asian,no,11,Master,41,7,54803,0
883,male,54,asian,no,16,Bachelor,10,6,86343,1
884,male,37,black,no,12,Master,69,4,35173,1
885,female,33,asian,no,13,Bachelor,10,8,72802,1
886,male,59,black,no,21,PhD,54,12,86125,1
887,female,55,white,no,7,Master,26,4,73251,0
888,male,35,white,no,0,Master,92,14,41413,1
889,male,57,hispanic,no,10,Bachelor,29,15,119854,0
890,male,54,white,yes,11,Bachelor,83,9,82588,1
891,female,44,hispanic,no,14,Bachelor,94,5,115778,0
892,female,23,asian,no,10,PhD,76,11,73499,1
893,female,62,white,no,14,PhD,55,13,57999,1
894,male,42,black,no,25,Bachelor,92,7,86729,1
895,female,23,asian,no,14,Master,52,10,74605,1
896,male,48,black,yes,15,Master,74,13,50555,1
897,male,30,hispanic,no,9,Master,69,8,116744,1
898,female,22,hispanic,no,1,Bachelor,64,16,64443,0
899,male,32,white,no,0,Bachelor,50,14,33993,1
900,male,24,white,no,6,Bachelor,40,12,113204,0
901,male,44,hispanic,no,0,Master,62,10,67392,0
902,male,47,black,no,13,Bachelor,80,15,64804,1
903,male,25,white,no,7,Bachelor,42,15,35865,1
904,female,39,white,no,2,PhD,15,13,123523,1
905,male,27,black,no,10,Master,16,14,47762,1
906,female,56,hispanic,no,5,PhD,46,5,81461,1
907,female,43,asian,no,12,Bachelor,43,5,102815,0
908,male,64,black,no,14,Bachelor,75,7,90542,1
909,male,36,white,no,5,PhD,15,13,78508,0
910,male,43,white,no,8,Bachelor,40,12,37458,1
911,female,58,asian,no,11,Bachelor,56,5,59756,0
912,male,63,white,no,1,Bachelor,35,10,84695,1
913,female,33,white,yes,11,Bachelor,37,12,60320,0
914,male,63,white,yes,1,Bachelor,17,15,85083,0
915,female,59,black,no,13,PhD,22,14,97043,1
916,male,39,hispanic,yes,7,PhD,45,16,104062,0
917,male,56,white,no,1,PhD,62,10,49345,1
918,female,51,white,no,6,Bachelor,60,4,134916,0
919,female,45,black,no,6,Bachelor,28,14,99186,0
920,male,63,hispanic,no,16,Bachelor,77,6,79957,1
921,female,51,white,no,11,PhD,35,12,107238,0
922,male,35,white,no,4,Bachelor,59,15,139135,1
923,female,27,white,no,19,Master,14,3,44031,1
924,female,24,asian,no,13,Master,64,6,74368,1
925,male,37,white,no,7,Bachelor,6,14,20539,0
926,male,28,white,yes,0,Bachelor,19,15,84816,1
927,male,35,black,no,7,PhD,7,15,89134,1
928,male,30,asian,no,8,PhD,47,13,79020,1
929,female,36,white,no,12,Bachelor,35,15,63636,1
930,male,42,asian,no,13,Bachelor,74,6,28762,1
931,male,56,white,no,14,PhD,71,12,89338,1
932,female,23,black,no,0,Bachelor,60,11,116385,1
933,female,48,white,no,11,Bachelor,67,17,65224,0
934,male,23,asian,no,9,Bachelor,79,5,91001,1
935,male,56,white,no,26,Master,19,17,40796,0
936,male,39,asian,no,10,Bachelor,96,4,91430,0
937,male,35,asian,no,6,Bachelor,14,11,70165,1
938,female,41,black,no,10,Bachelor,42,11,60939,1
939,male,39,asian,no,9,Master,51,3,60990,1
940,female,31,asian,no,0,PhD,61,8,70159,0
941,male,46,white,no,12,Master,54,12,89560,1
942,female,23,white,yes,8,Master,75,10,47195,1
943,female,46,hispanic,yes,9,Master,19,5,70072,0
944,female,54,white,no,4,Bachelor,22,13,78963,1
945,male,57,asian,no,3,Bachelor,86,11,52524,1
946,male,52,hispanic,no,15,PhD,92,4,124916,0
947,male,35,white,no,16,Bachelor,6,8,58662,1
948,female,22,black,no,12,Bachelor,88,3,63264,1
949,female,37,white,no,0,Master,47,15,55542,0
950,female,24,black,no,12,Bachelor,30,9,124962,1
951,female,56,white,no,0,Bachelor,75,5,93822,0
952,female,62,white,yes,6,PhD,42,9,56585,0
953,male,27,black,no,15,PhD,98,6,107655,1
954,female,46,asian,no,13,Bachelor,46,11,85017,0
955,male,34,asian,no,12,PhD,9,7,86431,0
956,male,55,black,no,17,Master,15,5,71388,0
957,male,29,white,no,13,Master,69,17,61264,1
958,male,42,black,no,0,Bachelor,38,10,88444,1
959,male,55,white,no,7,Bachelor,5,8,66372,1
960,female,25,hispanic,no,9,Master,87,4,125418,0
961,male,46,asian,no,9,PhD,6,5,48267,0
962,female,36,asian,no,6,Master,89,10,118403,1
963,male,25,hispanic,yes,3,Bachelor,24,17,77217,0
964,male,33,white,no,24,Bachelor,65,12,87477,0
965,male,53,asian,no,7,Master,91,9,100828,0
966,male,53,white,no,24,Bachelor,25,12,64243,0
967,female,49,hispanic,no,3,Master,92,8,101606,1
968,male,34,white,no,13,Bachelor,72,16,12311,1
969,female,52,asian,no,11,Bachelor,16,3,62000,1
970,male,35,asian,no,4,Master,26,11,56898,1
971,female,41,white,no,7,Master,24,5,48662,0
972,female,39,white,no,9,Bachelor,86,16,74626,0
973,female,50,asian,no,4,Bachelor,5,7,89643,0
974,male,27,white,no,8,Master,34,9,97566,1
975,male,53,white,no,0,Bachelor,28,17,86021,1
976,male,50,white,no,14,Master,18,9,63357,1
977,female,64,white,no,17,PhD,40,5,89225,1
978,male,23,asian,no,12,Bachelor,73,17,83107,1
979,male,44,black,no,23,PhD,79,6,103401,1
980,female,40,white,no,14,Bachelor,28,12,99423,1
981,male,52,white,no,16,Master,64,9,80761,1
982,female,26,white,no,17,Bachelor,99,10,57568,1
983,male,40,white,no,0,PhD,59,4,63676,1
984,male,55,white,no,12,Bachelor,81,11,66255,1
985,female,31,white,no,1,Bachelor,84,9,72118,0
986,male,46,white,no,2,PhD,28,15,86701,1
987,female,23,asian,no,3,Master,81,10,97879,0
988,male,32,white,no,8,Master,28,8,78722,1
989,male,52,black,no,13,Bachelor,58,8,80403,1
990,female,36,black,no,12,Master,30,11,83582,0
991,female,30,black,no,9,Bachelor,70,6,67102,0
992,female,44,black,no,14,Bachelor,84,13,56865,0
993,male,40,black,no,14,Master,42,13,36114,1
994,female,30,asian,no,12,Bachelor,69,7,62621,0
995,male,56,black,no,0,PhD,79,11,91828,1
996,male,42,black,no,5,PhD,55,3,62427,1
997,female,30,asian,yes,10,Master,39,6,74054,0
998,male,49,black,no,14,Master,47,9,91660,1
999,female,28,white,yes,2,Master,33,13,93017,0
1000,male,37,white,yes,9,Bachelor,41,17,53011,0
